{
  "timestamp": "2025-09-21T23:14:13.937158",
  "total_tests": 21,
  "passed": 20,
  "failed": 1,
  "success_rate": 95.23809523809523,
  "errors": [
    "Breathing Session: Status 500"
  ],
  "status": "PERFECT"
}